Predicted,Actual
0.22787844,0.18793014
0.19661485,0.18793014
0.18799977,0.16534066
0.17066242,0.16534066
0.16581266,0.18570301
0.17752136,0.18570301
0.1822714,0.2329182
0.21182041,0.2329182
0.2203577,0.19696593
0.20203702,0.19696593
0.195352,0.1904118
0.18877755,0.1904118
0.18707876,0.21847366
0.2044128,0.21847366
0.2093073,0.2285912
0.21831347,0.2285912
0.22000788,0.25130793
0.2343147,0.25130793
0.2388011,0.2175828
0.21883489,0.2175828
0.2131881,0.21510115
0.21011741,0.21510115
0.20901494,0.2395996
0.22396128,0.2395996
0.22834937,0.2392178
0.23062028,0.2392178
0.22998206,0.23934506
0.22962876,0.23934506
0.2293527,0.21452846
0.21455823,0.21452846
0.20995028,0.19219351
0.19617741,0.19219351
0.19077204,0.16387711
0.17101978,0.16387711
0.16510032,0.15248694
0.156471,0.15248694
0.15388183,0.1713221
0.16502436,0.1713221
0.16811399,0.16934949
0.16803108,0.16934949
0.16821386,0.18742108
0.18066771,0.18742108
0.1830041,0.2008475
0.1933146,0.2008475
0.19624145,0.22019173
0.20714037,0.22019173
0.21116929,0.21904635
0.21145825,0.21904635
0.21150438,0.21866456
0.21136187,0.21866456
0.21170731,0.19314799
0.19587012,0.19314799
0.19121622,0.21764643
0.20508252,0.21764643
0.20916112,0.18621206
0.19070719,0.18621206
0.18677108,0.16075914
0.16768007,0.16075914
0.16197757,0.16196814
0.1612408,0.16196814
0.16044141,0.16355896
0.16173317,0.16355896
0.16359164,0.15350504
0.1567996,0.15350504
0.15416197,0.14338751
0.1470596,0.14338751
0.14506625,0.1756491
0.16477256,0.1756491
0.1711577,0.15878654
0.16207461,0.15878654
0.15870778,0.14103311
0.14717002,0.14103311
0.14380012,0.13613342
0.13968177,0.13613342
0.1387556,0.109153315
0.1206563,0.109153315
0.117283,0.16572246
0.1511418,0.16572246
0.16059802,0.15789568
0.15855233,0.15789568
0.15762557,0.35528317
0.28095055,0.35528317
0.31646734,0.31646746
0.30252713,0.31646746
0.29866433,0.3291303
0.3055786,0.3291303
0.30809736,0.33275732
0.31097555,0.33275732
0.31156266,0.28382406
0.28158426,0.28382406
0.2726012,0.25258058
0.25051922,0.25258058
0.2444532,0.1902209
0.20334981,0.1902209
0.19108023,0.18137601
0.18175055,0.18137601
0.17857732,0.17405829
0.17375,0.17405829
0.17356537,0.17367649
0.17166357,0.17367649
0.17172454,0.20810159
0.19337128,0.20810159
0.19999428,0.2096924
0.20168452,0.2096924
0.20226188,0.2695704
0.24025433,0.2695704
0.25098634,0.24882628
0.24104543,0.24882628
0.23843427,0.23457263
0.22941183,0.23457263
0.22662772,0.24558103
0.23235266,0.24558103
0.23361762,0.2588802
0.24238686,0.2588802
0.24474205,0.24939898
0.23984252,0.24939898
0.23801295,0.22929116
0.22503649,0.22929116
0.22179966,0.20816523
0.2089547,0.20816523
0.203855,0.27777898
0.24566357,0.27777898
0.25789613,0.21637379
0.22309153,0.21637379
0.21356265,0.17723991
0.1883521,0.17723991
0.17958136,0.14752361
0.15797995,0.14752361
0.149998,0.14154217
0.14417191,0.14154217
0.14281984,0.2836968
0.23278259,0.2836968
0.25802112,0.27357927
0.2586794,0.27357927
0.25948536,0.3663552
0.31699544,0.3663552
0.333723,0.34300214
0.3246343,0.34300214
0.3219052,0.3268395
0.31096393,0.3268395
0.30749315,0.31659472
0.3012312,0.31659472
0.2992859,0.2395996
0.24959387,0.2395996
0.23522104,0.22903663
0.2242202,0.22903663
0.22116713,0.21643743
0.21391214,0.21643743
0.21070556,0.20021118
0.19948284,0.20021118
0.19607835,0.21325581
0.20388477,0.21325581
0.20585816,0.22750945
0.21486513,0.22750945
0.21779238,0.22019173
0.213989,0.22019173
0.21300645,0.20186561
0.20214577,0.20186561
0.19791047,0.31404942
0.26628882,0.31404942
0.2862903,0.34064773
0.30804777,0.34064773
0.3153788,0.3435112
0.3193826,0.3435112
0.31973326,0.332121
0.31254905,0.332121
0.3110597,0.28344226
0.28035623,0.28344226
0.27140188,0.2372452
0.23967452,0.2372452
0.23078035,0.21281038
0.21254383,0.21281038
0.2075722,0.21440119
0.20913713,0.21440119
0.20822583,0.20886518
0.20462458,0.20886518
0.20382,0.21274675
0.21020208,0.21274675
0.21311466,0.22960931
0.2192177,0.22960931
0.22112422,0.26568884
0.24421962,0.26568884
0.25133938,0.23788153
0.23591144,0.23788153
0.23134004,0.26689786
0.24797623,0.26689786
0.25303966,0.23718156
0.23745807,0.23718156
0.2316296,0.2531533
0.24081336,0.2531533
0.2426935,0.28102425
0.26035756,0.28102425
0.26533413,0.17838529
0.20299618,0.17838529
0.18468712,0.14873262
0.16059063,0.14873262
0.15345605,0.060856372
0.09608297,0.060856372
0.07872413,0.12894297
0.11643158,0.12894297
0.1271842,0.12569772
0.12825687,0.12569772
0.12868224,0.12264337
0.12659986,0.12264337
0.12613563,0.12385238
0.12705062,0.12385238
0.12732218,0.32060355
0.25106972,0.32060355
0.28801382,0.34656554
0.31346548,0.34656554
0.3209148,0.25569856
0.26686907,0.25569856
0.25243562,0.24602646
0.24094613,0.24602646
0.23775823,0.22292793
0.2216977,0.22292793
0.21744193,0.18882099
0.19456606,0.18882099
0.18883677,0.16387711
0.17065282,0.16387711
0.16495268,0.17571273
0.17138661,0.17571273
0.17337637,0.15414137
0.16139232,0.15414137
0.156464,0.13581526
0.14333658,0.13581526
0.13946144,0.14434199
0.14369918,0.14434199
0.14509083,0.13511531
0.14112927,0.13511531
0.13846754,0.121052556
0.12838449,0.121052556
0.12655152,0.11558018
0.12155466,0.11558018
0.12012397,0.12646131
0.12708332,0.12646131
0.1289201,0.14020589
0.13814257,0.14020589
0.1408421,0.16120456
0.15503706,0.16120456
0.15915583,0.13479714
0.14472918,0.13479714
0.13930263,0.11971628
0.12711354,0.11971628
0.12512694,0.104317255
0.11455394,0.104317255
0.11163868,0.10660802
0.11188762,0.10660802
0.11203875,0.11456206
0.12052129,0.11456206
0.122620836,0.24990803
0.20694993,0.24990803
0.23174761,0.22591864
0.22312467,0.22591864
0.22047429,0.16464071
0.18107359,0.16464071
0.1698349,0.300623
0.25078833,0.300623
0.2746697,0.30323192
0.283085,0.30323192
0.28559262,0.22585501
0.23796289,0.22585501
0.2239906,0.15764114
0.1770368,0.15764114
0.16291367,0.1480963
0.15262036,0.1480963
0.15010168,0.15388684
0.15448163,0.15388684
0.15457462,0.12951566
0.13923465,0.12951566
0.13606541,0.13085194
0.13316076,0.13085194
0.13411741,0.14332387
0.1418037,0.14332387
0.14420103,0.17863981
0.16808026,0.17863981
0.17435746,0.17113121
0.17107864,0.17113121
0.16979413,0.17946704
0.17443238,0.17946704
0.17570816,0.15592308
0.16146283,0.15592308
0.15778463,0.15274146
0.15566511,0.15274146
0.15526037,0.15573218
0.15676956,0.15573218
0.15576829,0.15369594
0.15427719,0.15369594
0.15369187,0.14968711
0.1510558,0.14968711
0.15077151,0.13670611
0.14226376,0.13670611
0.13984223,0.17953067
0.16790648,0.17953067
0.17489903,0.23444538
0.21082278,0.23444538
0.22147493,0.14873262
0.17117833,0.14873262
0.1564693,0.14281482
0.14741991,0.14281482
0.14453734,0.15115066
0.14909132,0.15115066
0.15027787,0.15369594
0.15498795,0.15369594
0.15490307,0.14701454
0.15076308,0.14701454
0.14808996,0.14987801
0.14864258,0.14987801
0.14884438,0.13702427
0.14085118,0.13702427
0.14047773,0.13282454
0.136113,0.13282454
0.13489284,0.11577108
0.123397574,0.11577108
0.12056367,0.114053
0.11870326,0.114053
0.11796157,0.114053
0.11767034,0.114053
0.11761065,0.114053
0.11767782,0.114053
0.11907081,0.10062658
0.109655604,0.10062658
0.106977746,0.10113564
0.10584803,0.10113564
0.10567729,0.10412636
0.10806595,0.10412636
0.10881029,0.10240828
0.1080455,0.10240828
0.10761349,0.08287316
0.09654461,0.08287316
0.09248982,0.07670082
0.08691858,0.07670082
0.08507906,0.089936346
0.092873976,0.089936346
0.09532975,0.10781703
0.10696547,0.10781703
0.11061697,0.093690656
0.10262339,0.093690656
0.10038929,0.08700926
0.0972309,0.08700926
0.0959795,0.067283235
0.08307694,0.067283235
0.078250304,0.067283235
0.075186074,0.114752956
0.10481517,0.114752956
0.11466052,0.114752956
0.11723949,0.13053377
0.12792616,0.13053377
0.13105975,0.13218822
0.1329708,0.13218822
0.13415395,0.16088639
0.15560488,0.16088639
0.16103737,0.16565882
0.16464256,0.16565882
0.16636653,0.15235966
0.1569566,0.15235966
0.15373413,0.1437693
0.14658792,0.1437693
0.1447594,0.13606979
0.13950099,0.13606979
0.13821064,0.1374697
0.13810669,0.1374697
0.13887219,0.10520811
0.11757223,0.10520811
0.11175798,0.122834265
0.12303679,0.122834265
0.12644504,0.13091557
0.13077356,0.13091557
0.13244556,0.19862036
0.174354,0.19862036
0.18775235,0.19352978
0.18773226,0.19352978
0.18817078,0.21268311
0.20067213,0.21268311
0.20418711,0.14765087
0.16480012,0.14765087
0.15219955,0.14650549
0.14832927,0.14650549
0.14906289,0.15834111
0.15516399,0.15834111
0.15622078,0.16814049
0.16362341,0.16814049
0.16543396,0.1290066
0.14278887,0.1290066
0.13461478,0.12156162
0.12747483,0.12156162
0.12508245,0.10832609
0.117345735,0.10832609
0.11419986,0.096235946
0.10521226,0.096235946
0.10248019,0.09680864
0.10256477,0.09680864
0.10286413,0.10832609
0.111369655,0.10832609
0.11236735,0.11780731
0.11809097,0.11780731
0.12102492,0.12531592
0.1258805,0.12531592
0.12733157,0.12620677
0.12899505,0.12620677
0.12914328,0.114371166
0.12135409,0.114371166
0.119483456,0.10635349
0.11506726,0.10635349
0.11369674,0.08516392
0.10025506,0.08516392
0.0947582,0.09267254
0.097220495,0.09267254
0.09892331,0.09254527
0.09866242,0.09254527
0.09857018,0.094263345
0.10024868,0.094263345
0.100843474,0.09019088
0.098039195,0.09019088
0.09717004,0.09108173
0.09861775,0.09108173
0.09927173,0.08809101
0.09612666,0.08809101
0.09425549,0.07797347
0.08814247,0.07797347
0.08630638,0.06791956
0.079323456,0.06791956
0.07755415,0.06677418
0.075201705,0.06677418
0.07568994,0.061174534
0.07175295,0.061174534
0.07248165,0.062319916
0.071961194,0.062319916
0.0711388,0.05952009
0.069650546,0.05952009
0.069230944,0.060092784
0.06946206,0.060092784
0.0690763,0.058438342
0.069813535,0.058438342
0.07151258,0.05640211
0.06792246,0.05640211
0.068233535,0.049275286
0.06252618,0.049275286
0.060359463,0.05073883
0.062552616,0.05073883
0.062016398,0.18945731
0.1490478,0.18945731
0.17478232,0.17596726
0.17439876,0.17596726
0.17383488,0.20358369
0.19128077,0.20358369
0.19796152,0.19327526
0.19193177,0.19327526
0.19010605,0.18360314
0.18356188,0.18360314
0.1809103,0.17514004
0.17665459,0.17514004
0.17522617,0.17813076
0.1757782,0.17813076
0.17582913,0.15318689
0.16167681,0.15318689
0.15586273,0.15509586
0.1550114,0.15509586
0.15508913,0.16190451
0.15947495,0.16190451
0.16263725,0.16190451
0.16150783,0.20682894
0.1902795,0.20682894
0.19822852,0.20682894
0.200253,0.17806713
0.18342243,0.17806713
0.17783554,0.25646216
0.22544383,0.25646216
0.23946013,0.20097476
0.20894851,0.20097476
0.20046277,0.1947388
0.19466679,0.1947388
0.19397448,0.21376486
0.20536463,0.21376486
0.20880456,0.21191953
0.20849822,0.21191953
0.20678715,0.17221296
0.18157159,0.17221296
0.17565446,0.15089612
0.16002835,0.15089612
0.154572,0.12557046
0.13670509,0.12557046
0.13106506,0.12868844
0.13183044,0.12868844
0.1333792,0.17552184
0.16164444,0.17552184
0.16985922,0.16171362
0.16344826,0.16171362
0.16159819,0.18805741
0.17762451,0.18805741
0.18262745,0.18532121
0.18368457,0.18532121
0.18244176,0.18633933
0.18267421,0.18633933
0.18298404,0.109153315
0.13438104,0.109153315
0.11992465,0.20504723
0.17625456,0.20504723
0.19303392,0.21860093
0.2059562,0.21860093
0.21022008,0.22260976
0.21387814,0.22260976
0.21481963,0.18290319
0.18967624,0.18290319
0.18302493,0.17221296
0.17536177,0.17221296
0.17188992,0.15795931
0.16176228,0.15795931
0.1591035,0.13861509
0.1457554,0.13861509
0.14154576,0.13091557
0.13787864,0.13091557
0.13480918,0.13721517
0.1375847,0.13721517
0.13886808,0.14357841
0.14455764,0.14357841
0.14477317,0.22241886
0.1945676,0.22241886
0.20879321,0.21510115
0.20889495,0.21510115
0.21004091,0.26543432
0.24074708,0.26543432
0.25086635,0.30437732
0.2768951,0.30437732
0.2839358,0.24634463
0.2519334,0.24634463
0.24086009,0.16807686
0.18821804,0.16807686
0.1747234,0.15955012
0.16391774,0.15955012
0.16071428,0.127034
0.1392181,0.127034
0.1327673,0.127034
0.1315044,0.127034
0.1307136,0.18684839
0.16865678,0.18684839
0.17876421,0.22929116
0.2076466,0.22929116
0.21721335,0.19372068
0.19731332,0.19372068
0.19151737,0.16744053
0.1731907,0.16744053
0.16853474,0.22547321
0.20340721,0.22547321
0.2133001,0.24106313
0.22642829,0.24106313
0.23001544,0.20422001
0.20776232,0.20422001
0.20316933,0.19187534
0.19207732,0.19187534
0.19063266,0.23559076
0.2164656,0.23559076
0.22371434,0.20612898
0.20717917,0.20612898
0.20214371,0.19028454
0.19129853,0.23788153
0.21843271,0.23788153
0.22606035,0.21217406
0.21211638,0.21217406
0.2091289,0.18773924
0.19181086,0.18773924
0.18596904,0.22922753
0.21055017,0.22922753
0.21814357,0.14332387
0.16558068,0.14332387
0.15037863,0.14026952
0.1445357,0.14026952
0.14209361,0.13613342
0.1389121,0.13613342
0.13782881,0.14058769
0.14071397,0.14058769
0.14303859,0.15057796
0.14853178,0.15057796
0.149958,0.15738662
0.15507834,0.15738662
0.156471,0.17482188
0.16914056,0.17482188
0.17178072,0.18659386
0.17928062,0.18659386
0.18196999,0.19932033
0.19087778,0.19932033
0.19315247,0.20625626
0.19837181,0.20625626
0.1997241,0.19849311
0.19559549,0.19849311
0.19413571,0.17202206
0.17695265,0.17202206
0.171477,0.18366678
0.17940043,0.18366678
0.1800038,0.16476797
0.16759641,0.16476797
0.16490512,0.14758724
0.15364952,0.14758724
0.14956497,0.14695092
0.1492755,0.14695092
0.14924459,0.18061242
0.16927819,0.18061242
0.17517938,0.15948649
0.16384278,0.15948649
0.16079764,0.17361286
0.16838376,0.17361286
0.17132674,0.19219351
0.18275319,0.19219351
0.1874787,0.20778343
0.19839536,0.20778343
0.20061319,0.18143964
0.1852353,0.18143964
0.18131469,0.22394603
0.20616241,0.22394603
0.2134584,0.14898716
0.16838579,0.14898716
0.1549717,0.14135127
0.145954,0.14135127
0.14564751,0.12709764
0.13426046,0.12709764
0.13130961,0.12786122
0.13109432,0.12786122
0.13054864,0.12690674
0.13027589,0.12690674
0.12978284,0.13899687
0.1368948,0.13899687
0.13968788,0.16629514
0.15755884,0.16629514
0.16305123,0.16756779
0.16510125,0.16756779
0.16531421,0.26008922
0.22428463,0.26008922
0.24222095,0.26899773
0.25191933,0.26899773
0.25528085,0.2504807
0.24463655,0.2504807
0.24173893,0.21261948
0.21825658,0.21261948
0.20997016,0.16368622
0.1780663,0.16368622
0.16759609,0.1374697
0.14774792,0.1374697
0.14084028,0.12977019
0.13516541,0.12977019
0.1335028,0.20415638
0.17965876,0.20415638
0.19258298,0.12798849
0.1485369,0.12798849
0.13611443,0.12646131
0.13088678,0.12646131
0.12967323,0.16088639
0.15056454,0.16088639
0.1572765,0.15834111
0.15910517,0.15834111
0.15989791,0.14637823
0.15262024,0.14637823
0.14897488,0.16075914
0.1573283,0.16075914
0.15963964,0.17004946
0.16550414,0.17004946
0.16750081,0.17933978
0.17330186,0.17933978
0.17611106,0.15165971
0.1584209,0.15165971
0.15350853,0.15490496
0.15384774,0.15490496
0.15395452,0.1290066
0.13974921,0.1290066
0.13412313,0.18697566
0.16875069,0.18697566
0.17878155,0.17507641
0.1749172,0.17507641
0.17309491,0.18245776
0.17909165,0.18245776
0.17869698,0.09865398
0.12590419,0.09865398
0.11075841,0.23183645
0.19076993,0.23183645
0.21379907,0.22655496
0.21660374,0.22655496
0.21835242,0.22808214
0.2208796,0.22808214
0.22192957,0.21121958
0.21061112,0.21121958
0.20641248,0.2161829
0.20993616,0.2161829
0.21129994,0.18360314
0.18975846,0.18360314
0.1828668,0.17208569
0.17363651,0.17208569
0.17144491,0.14453289
0.15328084,0.14453289
0.14771543,0.14650549
0.14704509,0.14650549
0.14886887,0.14122401
0.14461534,0.14122401
0.14299487,0.14994164
0.14826925,0.14994164
0.15028797,0.15980464
0.15613334,0.15980464
0.15815552,0.17711264
0.17028005,0.17711264
0.17351387,0.19715683
0.1866508,0.19715683
0.19090827,0.19696593
0.19329636,0.19696593
0.1927142,0.19162081
0.18909787,0.19162081
0.1895893,0.15795931
0.16800897,0.15795931
0.16111617,0.13829692
0.14634003,0.13829692
0.1417778,0.13263364
0.13854896,0.13263364
0.13655768,0.13422444
0.13814966,0.13422444
0.13761406,0.12397964
0.13044654,0.12397964
0.12847035,0.13066104
0.13219617,0.13066104
0.13352345,0.12181614
0.12815206,0.12181614
0.1262875,0.13352449
0.13323708,0.13352449
0.13547717,0.14682366
0.14489083,0.14682366
0.1485673,0.14714181
0.14869998,0.14714181
0.14867096,0.15433227
0.15325738,0.15433227
0.15473358,0.16578609
0.1638674,0.16578609
0.16522194,0.16699511
0.16587542,0.16699511
0.16570126,0.14943258
0.15617035,0.14943258
0.15363704,0.12805212
0.13818054,0.12805212
0.13316284,0.11488022
0.12305491,0.11488022
0.12016325,0.10908968
0.11569817,0.10908968
0.11414431,0.11736188
0.11881445,0.11736188
0.12190525,0.121243455
0.12408133,0.121243455
0.12358458,0.13047014
0.12990646,0.13047014
0.13201581,0.14408746
0.14082365,0.14408746
0.14354305,0.13257001
0.13741599,0.13257001
0.13553481,0.17520367
0.16150995,0.17520367
0.16969343,0.16464071
0.16569422,0.16464071
0.16397338,0.15312326
0.15597545,0.15312326
0.15493517,0.15369594
0.15418641,0.15369594
0.15388928,0.14860536
0.15098779,0.14860536
0.1496978,0.127034
0.13559325,0.127034
0.1319016,0.15980464
0.15233187,0.15980464
0.15713449,0.16604061
0.16241811,0.16604061
0.16441728,0.15032344
0.15439437,0.15032344
0.1517164,0.13250639
0.14019178,0.13250639
0.13617615,0.14523284
0.14342491,0.14523284
0.14639829,0.17571273
0.16525568,0.17571273
0.17139678,0.15235966
0.15812974,0.15235966
0.15436648,0.14815994
0.15074398,0.14815994
0.14947851,0.17138574
0.16366516,0.17138574
0.16749807,0.14676002
0.15377994,0.14676002
0.14964671,0.1333336
0.13956,0.1333336
0.13836725,0.13237911
0.13564162,0.13237911
0.13542978,0.15185061
0.14766888,0.15185061
0.15144943,0.17405829
0.16613327,0.17405829
0.17039897,0.2112832
0.1951295,0.2112832
0.20245539,0.19715683
0.19584574,0.19715683
0.19526844,0.18010336
0.1830341,0.18010336
0.17893182,0.15248694
0.16054146,0.15248694
0.15494828,0.15115066
0.15401845,0.15115066
0.15266792,0.14669639
0.14913268,0.14669639
0.14814447,0.31309494
0.2520944,0.31309494
0.28234416,0.24545377
0.25065392,0.24545377
0.24015127,0.21694648
0.21893544,0.21694648
0.21259765,0.19149356
0.19541432,0.19149356
0.18988915,0.17844892
0.1803798,0.17844892
0.17750578,0.17787623
0.17583485,0.17787623
0.17571108,0.17692174
0.17632328,0.17692174
0.17543693,0.17380376
0.17281534,0.17380376
0.17190485,0.23406358
0.21121,0.23406358
0.22093408,0.23629071
0.22611026,0.23629071
0.2276576,0.26492527
0.24528904,0.26492527
0.25085074,0.22044626
0.22401781,0.22044626
0.21796758,0.18506669
0.19262819,0.18506669
0.18452372,0.16120456
0.16709994,0.16120456
0.16198583,0.14224212
0.14898472,0.14224212
0.14530389,0.16985856
0.16301458,0.16985856
0.16663711,0.19346616
0.18289064,0.19346616
0.18755321,0.21255586
0.20076256,0.21255586
0.20530505,0.24437203
0.22611524,0.24437203
0.23245876,0.2370543
0.22951435,0.2370543
0.22880404,0.2346999
0.22683652,0.2346999
0.22647251,0.2346999
0.2260168,0.2346999
0.22652592,0.2346999
0.22642748,0.2346999
0.22637872,0.2346999
0.22624128,0.2346999
0.22618712,0.2346999
0.22739656,0.2346999
0.2280656,0.2346999
0.22688581,0.2346999
0.22655307,0.2346999
0.22717045,0.2346999
0.22651587,0.2721157
0.24960731,0.2721157
0.2562045,0.2800061
0.2636388,0.2800061
0.2656461,0.25385323
0.25044823,0.25385323
0.24562462,0.3681369
0.31443638,0.3681369
0.33598965,0.3488563
0.32943797,0.3488563
0.32713246,0.3276031
0.31345695,0.3276031
0.3097152,0.28910553
0.28466147,0.28910553
0.2783563,0.3118223
0.29028904,0.3118223
0.29308742,0.27663362
0.27308297,0.27663362
0.2663237,0.27816078
0.26517463,0.27816078
0.2652763,0.30183202
0.2795561,0.30183202
0.28519666,0.24227215
0.24809624,0.24227215
0.23728321,0.22420058
0.22064824,0.22420058
0.21592258,0.2779699
0.24769099,0.2779699
0.25682694,0.10049932
0.14747073,0.10049932
0.1149465,0.27949706
0.21779431,0.27949706
0.24801959,0.2394087
0.23204432,0.2394087
0.22732083,0.25188065
0.2334262,0.25188065
0.23571528,0.29572332
0.26358265,0.29572332
0.27201027,0.31449485
0.2861761,0.31449485
0.29078346,0.39460796
0.341273,0.39460796
0.35658723,0.35604677
0.3363045,0.35604677
0.33038402,0.28592393
0.28584987,0.28592393
0.27244592,0.23260003
0.2348708,0.23260003
0.22421627,0.18258503
0.18977268,0.18258503
0.18020861,0.18054879
0.17546819,0.18054879
0.17311056,0.18869373
0.17798708,0.18869373
0.17980836,0.2717339
0.23196562,0.2717339
0.24758567,0.23609981
0.2300495,0.23609981
0.22488825,0.17043124
0.1833046,0.17043124
0.17076991,0.15515949
0.15702565,0.15515949
0.15259497,0.15706846
0.15279694,0.15706846
0.15340756,0.15795931
0.15277313,0.15795931
0.15353052,0.14745997
0.14733838,0.14745997
0.14541249,0.13505167
0.13725649,0.13505167
0.13443567,0.13377902
0.13308863,0.13377902
0.13314949,0.13123374
0.1310228,0.13123374
0.13036917,0.11462569
0.119037256,0.11462569
0.11785631,0.11341668
0.11611538,0.11341668
0.11466481,0.11341668
0.11416046,0.11341668
0.11467962,0.11341668
0.11415766,0.11341668
0.11359571,0.11341668
0.11315115,0.11341668
0.11361973,0.11341668
0.11323337,0.2348908
0.190955,0.27313384
0.2382796,0.27313384
0.2510705,0.27828807
0.25745136,0.27828807
0.25948364,0.2656252
0.25357836,0.2656252
0.25071084,0.23533623
0.23132811,0.23533623
0.22514354,0.19098449
0.19571827,0.19098449
0.18639706,0.19391158
0.18569146,0.19391158
0.18684183,0.22451873
0.20577984,0.22451873
0.21066605,0.19957486
0.1957938,0.19957486
0.19234477,0.20988329
0.19908188,0.20988329
0.19956408,0.24036318
0.21890853,0.24036318
0.22451021,0.220319
0.21358745,0.220319
0.2105261,0.27555186
0.2439103,0.27555186
0.25387603,0.27275205
0.25628024,0.27275205
0.2566511,0.25149885
0.24258225,0.25149885
0.2381045,0.2075289
0.20975046,0.2075289
0.20125596,0.18443036
0.18533854,0.18443036
0.1798052,0.17234021
0.1698053,0.17234021
0.16773205,0.36902776
0.2894395,0.36902776
0.32498568,0.29457793
0.2907378,0.29457793
0.2793761,0.2309456
0.23631756,0.2309456
0.22288589,0.19830221
0.20012413,0.19830221
0.19220708,0.21923725
0.20217814,0.21923725
0.20633756,0.21261948
0.20362933,0.21261948
0.20302875,0.18513031
0.18598412,0.18513031
0.18173803,0.20218378
0.19212665,0.20218378
0.19357042,0.19989301
0.19109835,0.19989301
0.19315241,0.26021647
0.2320325,0.26021647
0.24185066,0.19302073
0.20170526,0.19302073
0.189954,0.19747499
0.18927453,0.19747499
0.19072564,0.15840474
0.1658303,0.15840474
0.15985785,0.16425891
0.16354452,0.16425891
0.1658691,0.17583999
0.17235138,0.17583999
0.17363243,0.16610424
0.16832538,0.16610424
0.16682427,0.18398494
0.17757021,0.18398494
0.18191169,0.16063187
0.16703226,0.16063187
0.1623895,0.14217849
0.14952843,0.14217849
0.14586876,0.14612369
0.14897071,0.14612369
0.14852576,0.2634617
0.22155641,0.2634617
0.24343292,0.24201763
0.23621695,0.24201763
0.23413484,0.20046571
0.20752351,0.20046571
0.1993175,0.15802294
0.170438,0.15802294
0.16200449,0.14039679
0.1482424,0.14039679
0.14530323,0.13040651
0.13678841,0.13040651
0.13420816,0.11914359
0.12610392,0.11914359
0.12359528,0.11316215
0.120021805,0.11316215
0.11796956,0.104826316
0.112718835,0.104826316
0.11161603,0.09311797
0.10489802,0.09311797
0.101524845,0.16591336
0.14644663,0.16591336
0.1595562,0.16330443
0.16229405,0.16330443
0.16293631,0.13619706
0.14723508,0.13619706
0.14181279,0.12442507
0.13241668,0.12442507
0.12933515,0.12207068
0.12684675,0.12207068
0.12694989,0.13244274
0.13436149,0.13244274
0.13528983,0.13441534
0.1364284,0.13441534
0.1365969,0.12353422
0.13157086,0.12353422
0.12809648,0.096235946
0.109625235,0.096235946
0.10445313,0.11036233
0.111948356,0.11036233
0.11585046,0.13645159
0.13141792,0.13645159
0.13653083,0.1331427
0.13556282,0.1331427
0.13586126,0.12531592
0.13199286,0.12531592
0.13003333,0.11456206
0.12266873,0.11456206
0.12023704,0.11106228
0.11687492,0.11106228
0.11626606,0.10870788
0.11452027,0.10870788
0.113637224,0.10132653
0.10962431,0.10132653
0.107962444,0.09808128
0.105411455,0.09808128
0.10462107,0.09890851
0.10499932,0.09890851
0.10498713,0.10298098
0.1077954,0.10298098
0.10848324,0.09884487
0.10622327,0.09884487
0.10586248,0.08879097
0.09926717,0.08879097
0.09821279,0.083636746
0.09342079,0.083636746
0.0920016,0.08090056
0.08996655,0.08090056
0.089409545,0.26797962
0.20748709,0.26797962
0.24312828,0.12073439
0.16043805,0.12073439
0.13695975,0.09890851
0.114963636,0.09890851
0.10803051,0.08560935
0.09585045,0.08560935
0.09375258,0.078228
0.08766501,0.078228
0.086240456,0.078228
0.08548333,0.078228
0.08515309,0.17074941
0.14330588,0.17074941
0.16008602,0.22617318
0.20301728,0.22617318
0.21434157,0.18334861
0.19105344,0.18334861
0.18385719,0.18532121
0.18306832,0.18532121
0.18329738,0.21529204
0.20199357,0.21529204
0.20729767,0.2577348
0.23510195,0.2577348
0.24332802,0.22960931
0.22863798,0.22960931
0.22438745,0.26314357
0.24415864,0.26314357
0.24943458,0.20593809
0.21534471,0.20593809
0.20572583,0.16934949
0.1807519,0.16934949
0.17217685,0.06467431
0.10311936,0.06467431
0.082744315,0.119652644
0.11179815,0.119652644
0.1199276,0.10527174
0.11307876,0.10527174
0.11148147,0.12436144
0.12264682,0.12436144
0.12710036,0.10438089
0.11469631,0.10438089
0.11120103,0.18653023
0.16209139,0.18653023
0.17685689,0.11411663
0.13655917,0.11411663
0.123817936,0.10552627
0.1149814,0.10552627
0.11189534,0.10743524
0.11325751,0.10743524
0.11295034,0.12576135
0.12438689,0.12576135
0.12740521,0.13950594
0.13768612,0.13950594
0.14029048,0.14122401
0.14347701,0.14122401
0.14312391,0.12238884
0.13102458,0.12238884
0.12762637,0.106480755
0.11642255,0.106480755
0.11309908,0.09330886
0.10406549,0.09330886
0.10134493,0.08790011
0.09633474,0.08790011
0.09580104,0.087581955
0.09481792,0.087581955
0.094303414,0.09019088
0.09631701,0.09019088
0.09653376,0.09267254
0.09829871,0.09267254
0.09891684,0.10393546
0.10653703,0.10393546
0.10860373,0.10616259
0.1102979,0.10616259
0.1112604,0.10743524
0.11406107,0.10743524
0.11344765,0.119779915
0.12067728,0.119779915
0.12365176,0.12697037
0.12876995,0.12697037
0.12972073,0.112589456
0.12089117,0.112589456
0.11868684,0.10100837
0.11046444,0.10100837
0.10782446,0.08961818
0.099494174,0.08961818
0.09725998,0.08344585
0.093356356,0.08344585
0.09167765,0.07434642
0.08571167,0.07434642
0.083376214,0.07434642
0.08096318,0.075937234
0.082073614,0.0760645
0.08414228,0.0760645
0.0840867,0.0823641
0.089198455,0.0823641
0.09097768,0.08070966
0.08926301,0.08070966
0.088767275,0.08032787
0.08992545,0.08032787
0.08860491,0.07689172
0.08718662,0.07689172
0.08614747,0.076255396
0.085213676,0.076255396
0.08407061,0.07345557
0.0827467,0.07345557
0.0827754,0.071037546
0.08066057,0.071037546
0.07953499,0.07281925
0.0810893,0.07281925
0.081655785,0.07262836
0.08263798,0.07262836
0.08159073,0.07676446
0.083600715,0.07676446
0.0844966,0.07402826
0.08324377,0.07402826
0.083011255,0.07708262
0.085727885,0.07708262
0.08472584,0.07301015
0.08258991,0.07301015
0.08198701,0.07294652
0.08302252,0.07294652
0.081864044,0.0676014
0.07807398,0.0676014
0.076880336,0.06919221
0.07773878,0.06919221
0.07792744,0.06441978
0.07531519,0.06441978
0.07451141,0.059901886
0.07138346,0.059901886
0.07060586,0.06161996
0.071364,0.06161996
0.07155955,0.06161996
0.07197219,0.06161996
0.072402775,0.06161996
0.069778204,0.06161996
0.06967422,0.15108702
0.1277164,0.15108702
0.14455478,0.14758724
0.14762686,0.14758724
0.14966373,0.15865926
0.15527289,0.15865926
0.15838496,0.14905079
0.15220927,0.14905079
0.15033422,0.14415109
0.14703794,0.14415109
0.14551894,0.18105784
0.1697994,0.18105784
0.17604004,0.17679448
0.17470182,0.17679448
0.1748168,0.16744053
0.16881405,0.16744053
0.16661547,0.16584972
0.1652581,0.16584972
0.16455238,0.14415109
0.15189789,0.14415109
0.14705934,0.13479714
0.13965093,0.13479714
0.1377276,0.15414137
0.15016215,0.15414137
0.15260313,0.11615287
0.12929277,0.11615287
0.12266515,0.15127791
0.14298724,0.15127791
0.14847846,0.13696064
0.14273198,0.13696064
0.1400017,0.12238884
0.1297767,0.12238884
0.12643217,0.119779915
0.12418096,0.119779915
0.12471913,0.12627041
0.12807424,0.12627041
0.12913461,0.13804239
0.1362154,0.13804239
0.13854031,0.13906051
0.13978826,0.13906051
0.14046709,0.115452915
0.12691008,0.115452915
0.121321544,0.111189544
0.11718218,0.111189544
0.11607121,0.09890851
0.10790376,0.09890851
0.10567878,0.09706317
0.103685066,0.09706317
0.10464971,0.09890851
0.10439913,0.09890851
0.10457535,0.14777814
0.13532381,0.14777814
0.14425369,0.10508084
0.12008642,0.10508084
0.1131237,0.0929907
0.10332541,0.0929907
0.10075997,0.10425362
0.10664211,0.10425362
0.10958885,0.094963305
0.10543005,0.094963305
0.102390155,0.08936366
0.097773865,0.08936366
0.09833489,0.08936366
0.096041486,0.124997765
0.11862086,0.124997765
0.12563829,0.124997765
0.12738682,0.124997765
0.12658583,0.124997765
0.1273356,0.124997765
0.12724407,0.12022534
0.124316975,0.083827645
0.10286312,0.083827645
0.09558369,0.075873606
0.08769651,0.075873606
0.08501203,0.071610235
0.08139406,0.071610235
0.0816782,0.064801574
0.075595304,0.064801574
0.07429132,0.060920004
0.07120548,0.060920004
0.07013036,0.06072911
0.069921285,0.06072911
0.06987685,0.055447623
0.06671788,0.055447623
0.065598175,0.052838698
0.065243155,0.052838698
0.06382708,0.06352893
0.0695287,0.06352893
0.071443826,0.054684035
0.06678094,0.054684035
0.065047234,0.05016614
0.061768696,0.05016614
0.062389314,0.049529817
0.061011642,0.049529817
0.05990091,0.049529817
0.059509054,0.049529817
0.059851483,0.049529817
0.060382888,0.08624567
0.08352725,0.05430224
0.070592076,0.05430224
0.06596179,0.0463482
0.05921869,0.0463482
0.05724983,0.041639406
0.05388476,0.041639406
0.0527523,0.039412275
0.05118063,0.039412275
0.050879687,0.039412275
0.05228682,0.039412275
0.051760897,0.039412275
0.049761653,0.039412275
0.04975933,0.06429252
0.06694864,0.06429252
0.07133336,0.03922138
0.058057576,0.03922138
0.053171232,0.035085276
0.048716113,0.035085276
0.0478649,0.03323994
0.04553245,0.03323994
0.04566233,0.032603618
0.044519916,0.032603618
0.044899896,0.03241272
0.04605548,0.03241272
0.04529372,0.033685368
0.045003533,0.033685368
0.045961514,0.029612897
0.042852104,0.029612897
0.043797225,0.19321163
0.14475556,0.19321163
0.17490111,0.17800349
0.174426,0.17800349
0.17416926,0.17800349
0.17448364,0.17800349
0.17400904,0.17800349
0.17380758,0.17800349
0.17465888,0.17800349
0.1759258,0.17800349
0.17537744,0.17800349
0.17569698,0.17800349
0.17620768,0.17800349
0.1754589,0.24290848
0.21612577,0.093181595
0.13433202,0.093181595
0.111294165,0.18551211
0.1612011,0.18551211
0.17624758,0.16514976
0.1682704,0.16514976
0.16564707,0.18672113
0.17697738,0.18672113
0.18137772,0.20173836
0.19326101,0.20173836
0.19620983,0.18983911
0.18968241,0.18983911
0.18787853,0.18742108
0.18539418,0.18742108
0.18430428,0.21249221
0.19968845,0.21249221
0.20525105,0.21592836
0.20808463,0.21592836
0.2087139,0.20867428
0.20679097,0.20867428
0.20394276,0.19951123
0.19590048,0.19951123
0.1951106,0.18920279
0.18748988,0.18920279
0.1862184,0.21643743
0.20172279,0.21643743
0.20675634,0.16680421
0.1761008,0.16680421
0.1671467,0.16896771
0.16725536,0.16896771
0.16833241,0.20167473
0.18689798,0.20167473
0.19295157,0.49864683
0.37759787,0.49864683
0.43202364,0.49864683
0.4478119,0.49864683
0.45146823,0.49864683
0.45243973,0.49864683
0.4528092,0.49864683
0.4525168,0.49864683
0.45276707,0.49864683
0.45380753,0.49864683
0.4534496,0.49864683
0.4526102,0.49864683
0.45222896,0.49864683
0.45399994,0.49864683
0.45394033,0.49864683
0.45346814,0.49864683
0.45411402,0.49864683
0.45337534,0.49864683
0.45308787,0.49864683
0.45362324,0.49864683
0.453879,0.3013866
0.33330327,0.3013866
0.29801208,0.22579138
0.24215011,0.22579138
0.22483788,0.15745026
0.17702983,0.15745026
0.1643083,0.18207596
0.1747833,0.18207596
0.17848085,0.15916833
0.16504227,0.15916833
0.16002418,0.14071494
0.14747356,0.14071494
0.14381431,0.12168888
0.1304038,0.12168888
0.1263779,0.10921694
0.11881776,0.10921694
0.115782544,0.104826316
0.11191495,0.104826316
0.111039504,0.08179141
0.096564546,0.08179141
0.09151821,0.07797347
0.08773805,0.07797347
0.08658831,0.07008306
0.08114855,0.07008306
0.079420924,0.07650992
0.08306281,0.07650992
0.08421703,0.07021032
0.08077167,0.07021032
0.079510644,0.07199203
0.080271736,0.07199203
0.080475405,0.062638074
0.074493095,0.062638074
0.07288118,0.06645602
0.0750141,0.06645602
0.07520893,0.07027396
0.07731475,0.07027396
0.07801002,0.18799376
0.15199451,0.18799376
0.17475452,0.14580554
0.15669309,0.14580554
0.15001999,0.1203526
0.1310031,0.1203526
0.12576379,0.12767032
0.12872727,0.12767032
0.1295688,0.12697037
0.12950699,0.12697037
0.129463,0.13587889
0.13527815,0.13587889
0.13679926,0.118507266
0.12731735,0.118507266
0.123848334,0.17049488
0.15501843,0.17049488
0.16433041,0.13358814
0.14416812,0.13358814
0.13754193,0.105589904
0.119478,0.105589904
0.11305599,0.105589904
0.110658154,0.105589904
0.11067788,0.105589904
0.11141823,0.105589904
0.111125216,0.105589904
0.10999359,0.105589904
0.10987724,0.105589904
0.11111049,0.105589904
0.110608324,0.105589904
0.11034478,0.105589904
0.11203368,0.105589904
0.11066674,0.13651522
0.12984486,0.13174279
0.1323434,0.13174279
0.13346751,0.14434199
0.1416571,0.14434199
0.14392282,0.16196814
0.15688555,0.16196814
0.16000383,0.17641269
0.16962339,0.17641269
0.17189391,0.14650549
0.15589572,0.14650549
0.14952146,0.15401411
0.152443,0.15401411
0.15339433,0.15255056
0.15279059,0.15255056
0.15266432,0.14205123
0.14612167,0.14205123
0.1440488,0.13498804
0.13884337,0.13498804
0.1391062,0.13142464
0.13537316,0.13142464
0.13412909,0.122325204
0.12827449,0.122325204
0.12660442,0.11678919
0.122146234,0.11678919
0.12221174,0.11589834
0.12049584,0.11589834
0.12010603,0.09808128
0.10863303,0.09808128
0.10490732,0.12868844
0.12370388,0.12868844
0.12861888,0.10533537
0.11566134,0.10533537
0.113359764,0.08548208
0.09872757,0.08548208
0.09432416,0.08179141
0.09144537,0.08179141
0.092590615,0.07810073
0.0882545,0.07810073
0.086805925,0.09674501
0.0983911,0.09674501
0.10133694,0.07708262
0.089959905,0.07708262
0.08582918,0.07708262
0.08389102,0.083827645
0.08812834,0.10425362
0.10469775,0.10425362
0.10787283,0.11443479
0.11504246,0.11443479
0.117339686,0.08910913
0.10204099,0.08910913
0.099147215,0.09636322
0.10187738,0.09636322
0.10168438,0.07701898
0.09013857,0.07701898
0.08604275,0.06397436
0.07716748,0.06397436
0.07647838,0.06251081
0.07382651,0.06251081
0.07231912,0.05939283
0.06869361,0.05939283
0.0697601,0.40211657
0.28600055,0.40211657
0.346489,0.4159248
0.37114078,0.4159248
0.37927055,0.4159248
0.3809654,0.4159248
0.38197517,0.25283512
0.28457046,0.25283512
0.25418597,0.16833138
0.19372194,0.16833138
0.17499821,0.39613512
0.3121422,0.39613512
0.35116738,0.2891692
0.29728454,0.2891692
0.28076023,0.2891692
0.27452695,0.2891692
0.27315193,0.19295709
0.21537264,0.19295709
0.19717892,0.16635878
0.17486574,0.16635878
0.16826539,0.29820496
0.24898954,0.29820496
0.27235323,0.2696977
0.26265746,0.2696977
0.25879484,0.19104813
0.20836739,0.19104813
0.19378214,0.14924169
0.16245542,0.14924169
0.15309487,0.19970211
0.1830601,0.19970211
0.19157682,0.17959431
0.18250106,0.17959431
0.17928098,0.15878654
0.1648549,0.15878654
0.1603366,0.12722489
0.13945274,0.12722489
0.13288872,0.12588862
0.13020359,0.12588862
0.1296001,0.10139017
0.11453314,0.10139017
0.1092941,0.09502693
0.10400586,0.093181595
0.10193299,0.10667165
0.109302774,0.10667165
0.11107038,0.120670766
0.12150444,0.120670766
0.123983726,0.11647103
0.1216986,0.11647103
0.12121193,0.10641712
0.11455242,0.10641712
0.11204009,0.09897214
0.10813086,0.09897214
0.10622613,0.2161829
0.17938645,0.2161829
0.20101826,0.22063716
0.20989607,0.22063716
0.21253185,0.19874763
0.19953443,0.19874763
0.19590981,0.16610424
0.17453174,0.16610424
0.16787235,0.16164999
0.16269593,0.16164999
0.16132803,0.16820411
0.16555165,0.16820411
0.16779728,0.2242642
0.20411937,0.2242642
0.21486782,0.2242642
0.21515338,0.2242642
0.21540116,0.2242642
0.21548878,0.2242642
0.21535297,0.2242642
0.21535133,0.2242642
0.21554478,0.2242642
0.21579419,0.2242642
0.21665163,0.2242642
0.2158129,0.2242642
0.21579544,0.2242642
0.21555333,0.2242642
0.21530305,0.2242642
0.21683423,0.2242642
0.21635728,0.2242642
0.21563096,0.2242642
0.21541695,0.2242642
0.21539782,0.2242642
0.21689431,0.2242642
0.21744286,0.2242642
0.21619166,0.2242642
0.21564348,0.2242642
0.21560876,0.23164555
0.22247459,0.23164555
0.22310232,0.21681921
0.21379103,0.21681921
0.21110927,0.21681921
0.21080782,0.21681921
0.21065657,0.21681921
0.21000905,0.21681921
0.20982693,0.21681921
0.21088348,0.21681921
0.21053894,0.21681921
0.21056877,0.21681921
0.2102261,0.21681921
0.21029477,0.21681921
0.21001498,0.21681921
0.21029137,0.21681921
0.21190064,0.21681921
0.21059285,0.21681921
0.21040316,0.21681921
0.21104585,0.21681921
0.21067081,0.21681921
0.2100604,0.21681921
0.21021898,0.21681921
0.21040769,0.21681921
0.2100222,0.21554658
0.20897679,0.21554658
0.21031173,0.18366678
0.18763648,0.18366678
0.18121247,0.21529204
0.20075683,0.21529204
0.2061057,0.18646659
0.18972187,0.18646659
0.18536328,0.16610424
0.1708477,0.16610424
0.1664715,0.15840474
0.16186135,0.15840474
0.15963845,0.14338751
0.14951377,0.14338751
0.14571892,0.13199732
0.13885693,0.13199732
0.13614075,0.27866983
0.22688507,0.27866983
0.2534573,0.13441534
0.17218803,0.13441534
0.14742033,0.13683337
0.14260606,0.13683337
0.14013444,0.13683337
0.13725539,0.13683337
0.13704644,0.13683337
0.1383652,0.13683337
0.1377713,0.10393546
0.118013754,0.10393546
0.11093669,0.10393546
0.10771774,0.10393546
0.107396945,0.10393546
0.108515844,0.10393546
0.10833593,0.10393546
0.106978044,0.10393546
0.107415125,0.10393546
0.10749163,0.10393546
0.10746585,0.10393546
0.107502446,0.10393546
0.107701585,0.10393546
0.107303515,0.10393546
0.10733999,0.10393546
0.10886578,0.10393546
0.10811053,0.10393546
0.10700683,0.10209012
0.10616802,0.09025451
0.10079138,0.09025451
0.09754382,0.14001499
0.12925576,0.14001499
0.13730301,0.10189923
0.11564566,0.10189923
0.10897519,0.11863453
0.11920746,0.11863453
0.12106119,0.13078831
0.1289952,0.13078831
0.1313294,0.1904118
0.16986822,0.1904118
0.1809711,0.14936894
0.15919589,0.14936894
0.15188618,0.16871318
0.1638123,0.16871318
0.1659805,0.15503222
0.1575263,0.15503222
0.15540858,0.13180642
0.14088939,0.13180642
0.13561736,0.16120456
0.15229823,0.16120456
0.15757824,0.107562505
0.12529312,0.107562505
0.11573629,0.10113564
0.11035855,0.10113564
0.10748802,0.122834265
0.12019168,0.122834265
0.1236112,0.14046042
0.13612859,0.14046042
0.13944365,0.12111619
0.13044374,0.12111619
0.12581734,0.15388684
0.14533783,0.15388684
0.15091304,0.15509586
0.15481202,0.15509586
0.15506937,0.15929559
0.15717153,0.15929559
0.15776463,0.17055851
0.16516031,0.17055851
0.16776045,0.17749444
0.17315657,0.17749444
0.17403059,0.16534066
0.16654806,0.16534066
0.16480835,0.13899687
0.14915006,0.13899687
0.14278229,0.118189104
0.12747277,0.118189104
0.12374587,0.11812547
0.12206827,0.11812547
0.12169857,0.13995136
0.13549046,0.13995136
0.13945724,0.20943786
0.18335234,0.20943786
0.1965899,0.20555629
0.19882058,0.20555629
0.19830059,0.22712766
0.21283011,0.22712766
0.21665274,0.21032873
0.2084028,0.21032873
0.20690165,0.17685811
0.1837198,0.17685811
0.17710225,0.16858591
0.16972049,0.16858591
0.16780822,0.17195843
0.16896419,0.17195843
0.1691594,0.15191424
0.15739284,0.15191424
0.15351619,0.13206095
0.13995601,0.13206095
0.13651742,0.13346086
0.1357403,0.13346086
0.1351582,0.13511531
0.13632862,0.13511531
0.13665228,0.2201281
0.19168808,0.2201281
0.20614342,0.13409719
0.1566462,0.13409719
0.14171688,0.22547321
0.1953993,0.22547321
0.21108375,0.16222268
0.17570858,0.16222268
0.16539471,0.2075289
0.18995728,0.2075289
0.19829954,0.19645688
0.19509374,0.19645688
0.19209747,0.17094031
0.17638837,0.17094031
0.17025049,0.15675029
0.16068725,0.15675029
0.15786357,0.14065132
0.1469823,0.14065132
0.14301871,0.12607951
0.13300751,0.12607951
0.1295415,0.1248705
0.12815468,0.1248705
0.12856375,0.10196286
0.113481805,0.10196286
0.10872404,0.07740078
0.09200542,0.07740078
0.087283775,0.103426404
0.10262643,0.103426404
0.106352076,0.099990256
0.10567282,0.099990256
0.10494129,0.07638266
0.08996658,0.07638266
0.08691792,0.079691544
0.086769804,0.079691544
0.086816475,0.08573662
0.0903029,0.08573662
0.09196444,0.08350948
0.090888485,0.08350948
0.090772375,0.08484576
0.091488734,0.08484576
0.09198867,0.08732742
0.09327327,0.08732742
0.094389066,0.080773294
0.09040956,0.080773294
0.08819778,0.07784621
0.08678661,0.07784621
0.08597331,0.06938311
0.081949964,0.06938311
0.07973549,0.063719824
0.07525696,0.063719824
0.07363434,0.06072911
0.07146883,0.06072911
0.07161833,0.06270171
0.07234499,0.06270171
0.07229562,0.06072911
0.07084794,0.06072911
0.0704253,0.06645602
0.0743209,0.06645602
0.07629463,0.064801574
0.07509901,0.064801574
0.073776916,0.068874046
0.076798454,0.068874046
0.07803966,0.07275562
0.0808249,0.07275562
0.08117913,0.08083692
0.08632706,0.08083692
0.08906986,0.08427307
0.091233835,0.08427307
0.09149222,0.084718496
0.09304495,0.084718496
0.092723235,0.07962791
0.08927761,0.07962791
0.087996796,0.070337586
0.08230586,0.070337586
0.07980229,0.06537427
0.075442165,0.06537427
0.074781805,0.05423861
0.06756882,0.05423861
0.064714834,0.054874934
0.06626482,0.054874934
0.06551963,0.05232964
0.06343739,0.05232964
0.062653944,0.049402554
0.060640916,0.049402554
0.060076147,0.04882986
0.06122552,0.04882986
0.060606435,0.053793184
0.061406627,0.053793184
0.06188944,0.050611567
0.06059982,0.050611567
0.06005533,0.17603089
0.14001055,0.17603089
0.16357233,0.124297805
0.13806875,0.124297805
0.13043274,0.10387183
0.11621077,0.10387183
0.111315414,0.19543876
0.16759415,0.19543876
0.18355046,0.117489144
0.13929974,0.117489144
0.12643103,0.14243302
0.13858758,0.14243302
0.14204536,0.16508614
0.15759014,0.16508614
0.16275267,0.14701454
0.15309553,0.14701454
0.15017007,0.15681393
0.1553496,0.15681393
0.15556277,0.23011838
0.20221485,0.23011838
0.21621962,0.20676531
0.20548145,0.20676531
0.20212062,0.17253111
0.17992465,0.17253111
0.17343117,0.14504194
0.15423508,0.14504194
0.14844571,0.13867871
0.14245073,0.13867871
0.14081083,0.123216055
0.13189597,0.123216055
0.12865578,0.109726004
0.11979534,0.109726004
0.11556204,0.10749887
0.11323951,0.10749887
0.112907454,0.107944295
0.11299057,0.107944295
0.1123551,0.10514448
0.111168906,0.10514448
0.110450074,0.11048959
0.113633946,0.11048959
0.11454989,0.095854156
0.10540418,0.095854156
0.104084834,0.094072446
0.10157065,0.094072446
0.10064362,0.089745454
0.09813766,0.089745454
0.09736861,0.08726379
0.09566115,0.08726379
0.09576069,0.25353506
0.19914018,0.25353506
0.22973205,0.13581526
0.16527419,0.13581526
0.14617501,0.19289346
0.17592071,0.19289346
0.1853558,0.13301544
0.1485108,0.13301544
0.13805534,0.13855144
0.13818352,0.13855144
0.13837893,0.14765087
0.14576273,0.14765087
0.14686339,0.30075026
0.24266265,0.30075026
0.27107513,0.2612982
0.25586337,0.2612982
0.25064015,0.1902209
0.20402502,0.1902209
0.19016139,0.24443565
0.22052442,0.24443565
0.23069136,0.20396549
0.20746963,0.20396549
0.2002003,0.15967739
0.16972034,0.15967739
0.16207944,0.13390629
0.14487158,0.13390629
0.13763238,0.11068049
0.120912716,0.11068049
0.11618699,0.14109674
0.13401301,0.14109674
0.13911013,0.14529648
0.14295991,0.14529648
0.14351784,0.14841446
0.14792036,0.14841446
0.14775859,0.13606979
0.1389967,0.13606979
0.13757704,0.15535039
0.14898293,0.15535039
0.15225698,0.16852228
0.16179715,0.16852228
0.1642447,0.16852228
0.16543983,0.16852228
0.16569455,0.16852228
0.16563083,0.16852228
0.16687088,0.16852228
0.1661069,0.16852228
0.1658238,0.16852228
0.16576885,0.16852228
0.16552977,0.16852228
0.16653149,0.16852228
0.16593818,0.16852228
0.16592066,0.14236939
0.14929096,0.14014226
0.14280911,0.14014226
0.14224891,0.18188506
0.16742648,0.18188506
0.17452817,0.14383294
0.15222798,0.14383294
0.15031813,0.15541402
0.15584438,0.15541402
0.15776263,0.15560491
0.15698259,0.15560491
0.15640469,0.17170389
0.16803567,0.17170389
0.1698715,0.17164026
